source,target
FirstMediaCares,poniyahtri0706
FirstMediaCares,LedySofyanti
FirstMediaCares,febrina_gracia
karismarain_,sulthonilmiawan
sweetonthing,laedynoir
WifimalangFM,sulthonilmiawan
theoherutomo,FirstMediaCares
revolutia,revolutia
AdityaB17073966,FirstMediaCares
wongpinter2019,ris_haswa
FirstMediaCares,trifosa_silvia
Saturnuspuyeng,melanieppuchino
FirstMediaCares,rusifianty
FirstMediaCares,IllyashaAlza
FirstMediaCares,GhoffarMghoffar
FirstMediaCares,GhoffarMghoffar
FirstMediaCares,Abdul_Tertukar
FirstMediaCares,adhe7x
FirstMediaCares,049_nur
kamalakantaprus,MousumiMohanty2
FirstMediaCares,LibertiTio
namakuitu_ina,magelang_fess
shatya_pratama,FirstMediaCares
FirstMediaCares,NSatriaadi
FirstMediaCares,budsurya14
FirstMediaCares,xzjsjsjul
FirstMediaCares,ulihape
FirstMediaCares,cigarettaftrsad
FirstMediaCares,cigarettaftrsad
FirstMediaCares,xzjsjsjul
kumamoonss,kumamoonss
FirstMediaCares,AriefPramono
YourMoodBooste3,YourMoodBooste3
urkoaloves,urkoaloves
FirstMediaCares,kepitilng
arunachalam_97,arunachalam_97
FirstMediaCares,Juwina9
RosesGan,fiachuuu
FirstMediaCares,RintoSuseno
harizakwan,arfdy12
FirstMediaCares,DeboraEmma1
FirstMediaCares,DeboraEmma1
FirstMediaCares,_adfgh
Cameliagitaa,FirstMediaCares
acolorfulmess_,meispaw
FirstMediaCares,Farrakhanadha
FirstMediaCares,zeyyy98368294
FirstMediaCares,zeyyy98368294
FirstMediaCares,IzharBrur
FirstMediaCares,9cAlya
sikosongterus,alealrasyid
sikosongterus,Dalip61953998
sikosongterus,BabangMamen
_bocahindonesia,FirstMediaCares
masexno,unsrifess
gilzaloud,FirstMediaCares
FirstMediaCares,smarkite
peachyninii,FirstMediaCares
FirstMediaCares,smarkite
FirstMediaCares,WidatiWibowo
FirstMediaCares,iniyenie
FirstMediaCares,Reader682
FirstMediaCares,handarunic
FirstMediaCares,apip_1908
FirstMediaCares,handarunic
FirstMediaCares,handarunic
FirstMediaCares,raditianto
AdiWiseno,FirstMediaCares
FirstMediaCares,KVN_LOS
FirstMediaCares,bloodybike234
FirstMediaCares,WidatiWibowo
MochiandDB,Laksono1Anto
FirstMediaCares,mautapiragu
FirstMediaCares,mampuslu16
happywulandaris,FirstMediaCares
Robi_tuak,suzansuzanclau1
FirstMediaCares,kizurauv
TitoPratama17,FirstMediaCares
FirstMediaCares,aaazned
Meeng59292352,FirstMediaCares
asrimasud,FirstMediaCares
asrimasud,FirstMediaCares
FirstMediaCares,Franzknievel
kadeklisa27,FirstMediaCares
FirstMediaCares,benjulio_rg
FirstMediaCares,benjulio_rg
diesonne1901,tio_yudhis
narendragilang,meomerita
dindacsav,FirstMediaCares
FirstMediaCares,shakin_m
FirstMediaCares,SAD_GUMBAL
TenukSdnBhd,spidergladiator
08Readone,FirstMediaCares
FirstMediaCares,loveforjoong
Celanabolong0,FirstMediaCares
FirstMediaCares,3friana
FirstMediaCares,aniis_emiires
FirstMediaCares,sabotage63x
FirstMediaCares,BELLAKANIGARA_
dnnysptr,FirstMediaCares
dnnysptr,dnnysptr
FirstMediaCares,agk11126414
FirstMediaCares,Sdd9883643
intanyusans,FirstMediaCares
Kenzu_001,FirstMediaCares
the_4d3,FirstMediaCares
FirstMediaCares,hazeljelly_
wasu_Waseem857,Ghummans
FirstMediaCares,junifar
FirstMediaCares,junifar
DaffanRestu,FirstMediaCares
FirstMediaCares,hrlyjzaa
FirstMediaCares,DaffanRestu
GuritaLegeg,irvaldwitama27
GKelvianto,FirstMediaCares
FirstMediaCares,rangga_afina
FirstMediaCares,GKelvianto
FirstMediaCares,dannwid
hornyjsex,ntlvngu75
FirstMediaCares,mseptiono9
mseptiono9,FirstMediaCares
kekoaiku,FirstMediaCares
FirstMediaCares,fadhillahrizqy3
FirstMediaCares,nunaamooo
FirstMediaCares,bangsansss
FirstMediaCares,jarangpeka
FirstMediaCares,herbiono
FirstMediaCares,herbiono
sansan_xaverius,mfazimaaa
rangga_afina,FirstMediaCares
mboh34305518,FirstMediaCares
FirstMediaCares,ljjisung
anxxoul,smilekanna10
FirstMediaCares,9cAlya
FirstMediaCares,9cAlya
FirstMediaCares,sansan_xaverius
aadiluc,catacylism
FirstMediaCares,poniyahtri0706
FirstMediaCares,poniyahtri0706
FirstMediaCares,jefri85851
FirstMediaCares,jefri85851
zhanadulset,dseptaa18
suzansuzanclau1,XLAxiata_Tbk
FirstMediaCares,eddy_patriot
FirstMediaCares,xolovelyna
FirstMediaCares,ngagoyy
FirstMediaCares,AnnisaPertiwi4
FirstMediaCares,hime_santi
FirstMediaCares,doobidubabb
ris_haswa,wongpinter2019
RioRamadian,FirstMediaCares
FirstMediaCares,bllisfox
FirstMediaCares,kiimsunoc
FirstMediaCares,zainulbn
FirstMediaCares,fadhillahrizqy3
FirstMediaCares,Franzknievel
FirstMediaCares,Tutuu_Magee
Romokh,rmiqbal_madmax
Kusum03930600,OrmaxMedia
FirstMediaCares,Celanabolong0
FirstMediaCares,fatimazrraa
FirstMediaCares,ephemeralmostly
FirstMediaCares,R_Irawan_Ajah
fre_chacha31,fre_chacha31
FirstMediaCares,annettepriscil
halimfuadi,hrdbacot
FirstMediaCares,iinyoman13
pesutkuadadua,pesutkuadadua
sasatae_,sasatae_
ourstar17,ourstar17
FirstMediaCares,GunaDiatmika
GunaDiatmika,FirstMediaCares
FirstMediaCares,PolongKcng
bakedpotatto,FirstMediaCares
photogmafia,FirstMediaCares
DwiArdi50711149,FirstMediaCares
FirstMediaCares,birulaaangit
FirstMediaCares,9cAlya
FirstMediaCares,9cAlya
airputihhangat,FirstMediaCares
wijiirawati002,FirstMediaCares
thankyousalma21,FirstMediaCares
frescilly,bevacuumecleanr
FirstMediaCares,lafleurheroine
bevacuumecleanr,frescilly
_kachong,FirstMediaCares
_kachong,FirstMediaCares
FirstMediaCares,JoniSin00095385
FirstMediaCares,QuireneMaengkom
FirstMediaCares,Cindyunju
kondapalliabhi1,NagaPuritipati
FirstMediaCares,meegyyyy
FirstMediaCares,herr_linnn
FirstMediaCares,DearyAldi
WillyRosiyandi,BerlianYahya2
FirstMediaCares,aisyahnbl
FirstMediaCares,9cAlya
FirstMediaCares,Apri49600209
AbdulQodirAhyad,FirstMediaCares
FirstMediaCares,dr_ramadhyan
mysteriouskudi,Blessed1699
FirstMediaCares,roseandsank
FirstMediaCares,dxklepon
FirstMediaCares,clownely
FirstMediaCares,dimaz_fanatee
faitavecamour99,AREAJULID
MianAli18127755,yawarkhokhar1
FirstMediaCares,enye29
creamylattemilk,FirstMediaCares
FirstMediaCares,prmalau21
estehmaniezt,sbyfess
FirstMediaCares,giantdhafin
FirstMediaCares,angeliiiaaakkk
FirstMediaCares,Donisap07861374
FirstMediaCares,sorryimnobrain
cakbatdah,cakbatdah
FirstMediaCares,sorryimnobrain
FirstMediaCares,sorryimnobrain
FirstMediaCares,bakedpotatto
Subektiputri17,FirstMediaCares
FirstMediaCares,_Twulandari
9cAlya,FirstMediaCares
9cAlya,FirstMediaCares
FirstMediaCares,9cAlya
FirstMediaCares,nonieckk
FirstMediaCares,cancerhime
FirstMediaCares,cancerhime
FirstMediaCares,SwordMatrix
FirstMediaCares,andrew_william
SylvianaJeanet2,ayeen_muhammad
PrimaRus,FirstMediaCares
PrimaRus,FirstMediaCares
Zahirramdhani,FirstMediaCares
FirstMediaCares,Gungaazza
risdyanto10,FirstMediaCares
FirstMediaCares,summertimerend2
FirstMediaCares,summertimerend2
MissTembem69,FriendTrully
FirstMediaCares,febryan18288618
FirstMediaCares,aryoadi
Asunasun5,FirstMediaCares
mantunyaisuman,FirstMediaCares
bintangpelangi,fanywijono_
mantunyaisuman,FirstMediaCares
AdiWiseno,FirstMediaCares
fasyadianizar,kegblgnunfaedh
sasaran_empuk,hardi_chef
FirstMediaCares,Tegar72607132
FirstMediaCares,noe6109
FirstMediaCares,Zahirramdhani
FirstMediaCares,EvaSina23839912
FirstMediaCares,EvaSina23839912
FirstMediaCares,p0elp0el
EvaSina23839912,FirstMediaCares
CipcipFamily,oatsugarhoney
FirstMediaCares,LBudidoyo
FirstMediaCares,LBudidoyo
revurstyle,ciuuull
FirstMediaCares,sansan_udin
FirstMediaCares,chimiyblossom
FirstMediaCares,ZakkiChoco
FirstMediaCares,xcoverurget
CipcipFamily,kuchingtaimu
fullbatt92,kegblgnunfaedh
Chamachetu1,ndembo255
SuhaniK87029185,yuktii_darknian
anna_priyana,SegoItalia
FirstMediaCares,yukimustikasari
FirstMediaCares,diandwit
FirstMediaCares,9cAlya
FirstMediaCares,9cAlya
novem_rossifumi,novem_rossifumi
agha_mahcaya,haikudrifter
FirstMediaCares,kamuaku__
ibrakadabros,kegblgnunfaedh
FirstMediaCares,langitdwr
sahiwoolf,kegblgnunfaedh
areumigguk,ciuuull
langitdwr,FirstMediaCares
dakjalsoleha,kegblgnunfaedh
FirstMediaCares,langitdwr
haikudrifter,ciuuull
FirstMediaCares,asrimasud
rentauli_sin,BankBCA
chairul_ibad,FirstMediaCares
vhawae,kegblgnunfaedh
SegoItalia,BabayEngek
deseed_media,Realnoni4Real
deseed_media,Realnoni4Real
FirstMediaCares,bralbrilbrul
MDavidLim97,FirstMediaCares
FirstMediaCares,krisnadi55
mbaapiaa,FirstMediaCares
forushorus,FirstMediaCares
onlyseeyy,nwrhdytlh
FirstMediaCares,karmab3rlakuSay
sporttiaphari,sporttiaphari
FirstMediaCares,godjila526
FirstMediaCares,jerrypurnawan1
TANUSREEBH31,First_Brahman
SlaygiB,SlaygiB
FirstMediaCares,AhmadMutholib7
AndyGuang,FirstMediaCares
firdausrama4,anjasrudhiarto
RoyyAkhilesh,NigarNawab
FirstMediaCares,tongkrongansepi
albet_veqe,ngalamfess
FirstMediaCares,Lovelyb53066393
FirstMediaCares,Adidongss
FirstMediaCares,Adidongss
FirstMediaCares,lemmings85
FirstMediaCares,Setyawanwr
FirstMediaCares,Riando1_
FirstMediaCares,Ucokkampret1
Hamsiah43288094,FirstMediaCares
FirstMediaCares,arnytaverdiana
FirstMediaCares,yuzan33
FirstMediaCares,natadna
FirstMediaCares,emilfaishall
FirstMediaCares,emilfaishall
FirstMediaCares,risdyanto10
FirstMediaCares,Ucokkampret1
FirstMediaCares,sxrahayu
FirstMediaCares,ga2cha2
FirstMediaCares,AriezFman
ga2cha2,FirstMediaCares
FirstMediaCares,ferdiyanpermata
FirstMediaCares,itsvelisa
FirstMediaCares,archenemy___
FirstMediaCares,herlyyanto
FirstMediaCares,rifuwuowo
FirstMediaCares,IllyashaAlza
FirstMediaCares,djojomania
djojomania,FirstMediaCares
itsecretly_,tanyakanrl
FirstMediaCares,Maskhum1
ameenoacid_,MuhammadNazme
ravelmra,ravelmra
minjuwsih,moochamadlucky
FirstMediaCares,sanctuory
FirstMediaCares,gun991
deadityau,FirstMediaCares
FirstMediaCares,hehe3ee
FirstMediaCares,ZaudanSyahrul
FirstMediaCares,tuecsday
FirstMediaCares,farahayuntys
FirstMediaCares,R_Irawan_Ajah
CMTampubolon,FirstMediaCares
afifnurc,pkesbiardingin
FirstMediaCares,Sugiyan33476949
ainingfar,ainingfar
FirstMediaCares,AmriRosadi0
FirstMediaCares,ddaciduci
FirstMediaCares,vOrDoUgH
FirstMediaCares,sukadukakucing
FirstMediaCares,sukadukakucing
FirstMediaCares,vOrDoUgH
FirstMediaCares,agustin_maryadi
FirstMediaCares,vOrDoUgH
dobbyjumatan,convomfs
LarasNugraheni5,xkode06
FirstMediaCares,EkaSupr39282145
FirstMediaCares,mochireor
FirstMediaCares,pramz_an
FirstMediaCares,aroisahabib
MuhammadAlkaht4,FirstMediaCares
rurune_haru,tsunagirou
FirstMediaCares,WavaInsan
FirstMediaCares,WavaInsan
FirstMediaCares,AdityaDR1985
FirstMediaCares,candiyxs
FirstMediaCares,VincentKGaming
FirstMediaCares,ciasource
wavesstarrr,convomfs
FirstMediaCares,jasminedrella
FirstMediaCares,jasminedrella
FirstMediaCares,21Seagate
kelababoo,convomfs
dynamighteo,convomfs
FirstMediaCares,jasminedrella
FirstMediaCares,dryanlagi
FirstMediaCares,noname771971
FirstMediaCares,faitformyway
FirstMediaCares,Eulaeuy13
FirstMediaCares,Eulaeuy13
FirstMediaCares,N74Mayasari
N74Mayasari,N74Mayasari
CMTampubolon,FirstMediaCares
FirstMediaCares,nanidahel
FirstMediaCares,adilamran
FirstMediaCares,nanidahel
FirstMediaCares,kutekatzen
FirstMediaCares,waskitogiri
lynivemrk,convomfs
FirstMediaCares,kataufikwijaya
kataufikwijaya,kataufikwijaya
FirstMediaCares,andiniptri
FirstMediaCares,my_adiluhung
FirstMediaCares,quickcelver
HG78_BDG,FirstMediaCares
jelmannasri,jelmannasri
kataufikwijaya,kataufikwijaya
wonki_hoon,convomfs
FirstMediaCares,cigarettaftrsad
FirstMediaCares,Byand
FirstMediaCares,CMTampubolon
CMTampubolon,FirstMediaCares
Kadal_Beku_,convomfs
FirstMediaCares,milkshyakeee
FirstMediaCares,midayasintaa
FirstMediaCares,19miktul
notmeinheree,convomfs
heavenlythetic,convomfs
cikamutiaraaa,convomfs
skyIaand,convomfs
mengkalem,convomfs
devyramadi,FirstMediaCares
callbyyy,convomfs
FirstMediaCares,kokisaurus
FirstMediaCares,AdityaDR1985
theairbom,FirstMediaCares
FirstMediaCares,theairbom
FirstMediaCares,mendoangettt
FirstMediaCares,Frances__tan
FirstMediaCares,lalaland_yey
FirstMediaCares,lalaland_yey
kataufikwijaya,FirstMediaCares
FirstMediaCares,KiongSiput
FirstMediaCares,FarhanSabilie
FirstMediaCares,FarhanSabilie
karismarain_,pohontogee
FirstMediaCares,koomunyong
FirstMediaCares,ZuhairiRifqi
doykgim,convomfs
FirstMediaCares,limapuluh__
deadityau,FirstMediaCares
FirstMediaCares,lovy3zez
FirstMediaCares,craftandbag
FirstMediaCares,craftandbag
FirstMediaCares,astinas
