source,author
vapenyamamaw,vapenyamamaw
MNCVisioncare,IqbalMu87338615
txtdrsunarto,kamisatouru
MNCVisioncare,Altobelli73
THFCdelusional,THFCdelusional
uw5gc6zjm,alaricperceval
MNCVisioncare,sagathasimon
afri181,OfficialRCTI
odjat70,mnctrijaya
Bung_Andrian,rocky0175
assemblerAVR,Mbahici
amelyu,Askrlfess
dolimanurung,samsutan567
mulyadi2028,AsliLanang2
IndiHomeCare,tequuilasunrise
Sodli005,detikcom
IndiHomeCare,MyNoveMee
ADzifran,MNCVisionID
joe_uruha,kompascom
arwan_tok,Hary_Tanoe
Diah_dee10,great_amethyst
syarahnura04,mncvisionsmd
arifbudiman001,tifsembiring
enduex007,sitepusalim
Suikasuki22,Afudin10
ilbarbanero,detikcom
MNCVisioncare,_ceritalily
MNCVisioncare,_ceritalily
Beat_hmberrr,mboksinito
potato_cheesee,itskindairfan48
abusalmaan1987,Hary_Tanoe
bunyirecehan,KompasTV
mulwandoni,Hary_Tanoe
kangerryudha,Hary_Tanoe
CandyqueenMaria,PambudiTri
Dirgo_mly,Hary_Tanoe
timan_sutiawan,KompasTV
free_sat1,KompasTV
beyrselfae,Hary_Tanoe
AlexandraNg1991,detikcom
indonesia_feeds,ArfianKanan
TriWija2020,detikcom
hyudilautbiru,detikcom
april_hamsa,april_hamsa
duniaeni,duniaeni
kangerryudha,KompasTV
salmanbiroe,salmanbiroe
salmanbiroe,salmanbiroe
DiCapriadi,DiCapriadi
Sandzarjak,Sandzarjak
indrifairy,indrifairy
Donutbanana73,PambudiTri
ovianty674,ovianty674
DewiSulistiawty,DewiSulistiawty
widia_yasmin,Hary_Tanoe
Langx_Wiratama,Evtalovey
Iwek163,detikcom
MNCVisionID,MNCVisionID
an666e,abu_waras
Mangdayat2,detikcom
akuntanpateman,akuntanpateman
kangerryudha,detikcom
hyudilautbiru,KompasTV
agus_na2na,Hary_Tanoe
YusnaPrimananda,KompasTV
ysuryadi1987,SINDOnews
novem_rossifumi,novem_rossifumi
rerisabariah1,ciuuull
Tina041290,LiyaLidyaa
2ndonesia,ciuuull
indonesia_feeds,indonesia_feeds
indonesia_feeds,mrblurryface
sporttiaphari,sporttiaphari
fadjarzcrackerz,rianiindri56
nawhil,alhaaifz
Arsndy_,bingsityyt
Arsndy_,dimassharyanto
AjaTulis,exerick
mrblurryface,mrblurryface
kangf4j4r,Strategi_Bisnis
